"","query","significant","p_value","term_size","query_size","intersection_size","precision","recall","term_id","source","term_name","effective_domain_size","source_order","parents"
"1","query_1",TRUE,8.26587569472722e-08,436,88,17,0.193181818181818,0.0389908256880734,"CELL-CELL ADHESION%GOBP%GO:0098609","Human_GOBP_AllPathways_filtered_500orLessV2","cell-cell adhesion",17710,15441,""
"2","query_1",TRUE,0.00189308442530613,442,88,12,0.136363636363636,0.0271493212669683,"CELL MORPHOGENESIS%GOBP%GO:0000902","Human_GOBP_AllPathways_filtered_500orLessV2","cell morphogenesis",17710,9524,""
"3","query_1",TRUE,0.00358152779826117,406,88,11,0.125,0.0270935960591133,"CELL JUNCTION ORGANIZATION%GOBP%GO:0034330","Human_GOBP_AllPathways_filtered_500orLessV2","cell junction organization",17710,14973,""
"4","query_1",TRUE,0.010249541205446,175,88,7,0.0795454545454545,0.04,"HALLMARK_ESTROGEN_RESPONSE_EARLY%MSIGDBHALLMARK%HALLMARK_ESTROGEN_RESPONSE_EARLY%MSIGDBHALLMARK%HALLMARK_ESTROGEN_RESPONSE_EARLY%MSIGDBHALLMARK%HALLMARK_ESTROGEN_RESPONSE_EARLY","Human_GOBP_AllPathways_filtered_500orLessV2","HALLMARK_ESTROGEN_RESPONSE_EARLY%MSigdbHallmark%HALLMARK_ESTROGEN_RESPONSE_EARLY",17710,48,""
"5","query_1",TRUE,0.010249541205446,238,88,8,0.0909090909090909,0.0336134453781513,"CELL JUNCTION ASSEMBLY%GOBP%GO:0034329","Human_GOBP_AllPathways_filtered_500orLessV2","cell junction assembly",17710,9946,""
"6","query_1",TRUE,0.010249541205446,73,88,5,0.0568181818181818,0.0684931506849315,"HOMOPHILIC CELL-CELL ADHESION%GOBP%GO:0007156","Human_GOBP_AllPathways_filtered_500orLessV2","homophilic cell-cell adhesion",17710,16226,""
"7","query_1",TRUE,0.010249541205446,251,88,8,0.0909090909090909,0.0318725099601594,"AXONOGENESIS%GOBP%GO:0007409","Human_GOBP_AllPathways_filtered_500orLessV2","axonogenesis",17710,16607,""
"8","query_1",TRUE,0.0139195303987245,134,88,6,0.0681818181818182,0.0447761194029851,"EPITHELIAL TO MESENCHYMAL TRANSITION IN COLORECTAL CANCER%WIKIPATHWAYS_20260910%WP4239%HOMO SAPIENS","Human_GOBP_AllPathways_filtered_500orLessV2","Epithelial to mesenchymal transition in colorectal cancer",17710,6030,""
"9","query_1",TRUE,0.0145777523425599,138,88,6,0.0681818181818182,0.0434782608695652,"CELL-CELL JUNCTION ORGANIZATION%GOBP%GO:0045216","Human_GOBP_AllPathways_filtered_500orLessV2","cell-cell junction organization",17710,7697,""
"10","query_1",TRUE,0.0148693919504246,3,88,2,0.0227272727272727,0.666666666666667,"QUINOLINATE METABOLIC PROCESS%GOBP%GO:0046874","Human_GOBP_AllPathways_filtered_500orLessV2","quinolinate metabolic process",17710,14807,""
"11","query_1",TRUE,0.0172844828691003,292,88,8,0.0909090909090909,0.0273972602739726,"AXON DEVELOPMENT%GOBP%GO:0061564","Human_GOBP_AllPathways_filtered_500orLessV2","axon development",17710,12283,""
"12","query_1",TRUE,0.0172844828691003,292,88,8,0.0909090909090909,0.0273972602739726,"CELL MORPHOGENESIS INVOLVED IN NEURON DIFFERENTIATION%GOBP%GO:0048667","Human_GOBP_AllPathways_filtered_500orLessV2","cell morphogenesis involved in neuron differentiation",17710,9834,""
"13","query_1",TRUE,0.0211641509158246,161,88,6,0.0681818181818182,0.0372670807453416,"AXON GUIDANCE%GOBP%GO:0007411","Human_GOBP_AllPathways_filtered_500orLessV2","axon guidance",17710,15469,""
"14","query_1",TRUE,0.0211641509158246,162,88,6,0.0681818181818182,0.037037037037037,"NEURON PROJECTION GUIDANCE%GOBP%GO:0097485","Human_GOBP_AllPathways_filtered_500orLessV2","neuron projection guidance",17710,10472,""
"15","query_1",TRUE,0.0211641509158246,102,88,5,0.0568181818181818,0.0490196078431373,"CELL-CELL JUNCTION ASSEMBLY%GOBP%GO:0007043","Human_GOBP_AllPathways_filtered_500orLessV2","cell-cell junction assembly",17710,11708,""
"16","query_1",TRUE,0.0331457061236491,335,88,8,0.0909090909090909,0.0238805970149254,"NEURON PROJECTION MORPHOGENESIS%GOBP%GO:0048812","Human_GOBP_AllPathways_filtered_500orLessV2","neuron projection morphogenesis",17710,9918,""
"17","query_1",TRUE,0.033790621983641,339,88,8,0.0909090909090909,0.023598820058997,"PLASMA MEMBRANE BOUNDED CELL PROJECTION MORPHOGENESIS%GOBP%GO:0120039","Human_GOBP_AllPathways_filtered_500orLessV2","plasma membrane bounded cell projection morphogenesis",17710,16321,""
"18","query_1",TRUE,0.0345284371609573,343,88,8,0.0909090909090909,0.0233236151603499,"CELL PROJECTION MORPHOGENESIS%GOBP%GO:0048858","Human_GOBP_AllPathways_filtered_500orLessV2","cell projection morphogenesis",17710,8327,""
"19","query_1",TRUE,0.0387514086037747,6,88,2,0.0227272727272727,0.333333333333333,"AMINOPHOSPHOLIPID TRANSPORT%GOBP%GO:0015917","Human_GOBP_AllPathways_filtered_500orLessV2","aminophospholipid transport",17710,8544,""
